LearningRate,BodyOut,BodySize,HeadSize,AverageLoss
1e-05,5,32,256,0.7434200273376409
1e-05,5,64,256,0.7434200273376409
1e-05,5,256,256,0.7434200273376409
1e-05,15,32,256,0.7434200273376409
1e-05,15,64,256,0.7434200273376409
1e-05,15,256,256,0.7434200273376409
