LearningRate,BodyOut,BodySize,HeadSize,AverageLoss
1e-05,5,32,256,1.2036896794942478
1e-05,5,64,256,1.2411257671952873
1e-05,5,256,256,1.2091707106033747
1e-05,15,32,256,1.2178497224591243
1e-05,15,64,256,1.200099817610202
1e-05,15,256,256,1.1959310825324225
