LearningRate,BodyOut,BodySize,HeadSize,AverageLoss
1e-05,5,32,256,0.5999487438997857
1e-05,5,64,256,0.6202640793705927
1e-05,5,256,256,0.5751871212788158
1e-05,15,32,256,0.5782878390649289
1e-05,15,64,256,0.5861683796157625
1e-05,15,256,256,0.5319605765137985
